{"L. Messi": 0.5799999999999853, "Cristiano Ronaldo": 0.43999999999999007, "Neymar Jr": 2.387499999999997, "De Gea": 0.4349999999999879, "K. De Bruyne": -0.5674999999999908, "E. Hazard": 0.5524999999999836, "L. Modri?": -0.297500000000003, "L. Su\u00e1rez": 0.4924999999999831, "Sergio Ramos": 0.762499999999985, "J. Oblak": -0.2749999999999986, "R. Lewandowski": 0.13999999999999416, "T. Kroos": 0.9799999999999721, "D. God\u00edn": 0.8049999999999773, "David Silva": 0.4374999999999797, "N. Kant\u00e9": 0.10499999999999034, "P. Dybala": 0.679999999999984, "H. Kane": 0.2524999999999907, "A. Griezmann": -0.33250000000000823, "M. ter Stegen": 0.9399999999999806, "T. Courtois": -0.017500000000000807, "Sergio Busquets": -0.5750000000000065, "E. Cavani": -0.1700000000000021, "M. Neuer": 0.45749999999998536, "S. Ag\u00fcero": 0.83499999999998, "G. Chiellini": 0.12249999999998966, "K. Mbapp\u00e9": -0.32249999999999623, "M. Salah": -1.024999999999997, "Casemiro": 0.034999999999987, "J. Rodr\u00edguez": 0.20999999999997487, "L. Insigne": 1.6524999999999839, "Isco": 0.29499999999999194, "C. Eriksen": 0.4649999999999771, "Coutinho": 1.2874999999999772, "P. Aubameyang": 0.23999999999998461, "M. Hummels": 0.37249999999998085, "Marcelo": -0.6624999999999993, "G. Bale": 0.23249999999999388, "H. Lloris": -0.12500000000000297, "G. Higua\u00edn": -0.05750000000000319, "Thiago Silva": 0.21499999999998703, "S. Handanovi?": -0.03000000000000929, "G. Buffon": 0.1174999999999939, "S. Umtiti": 0.20749999999998375, "M. Icardi": 0.3624999999999957, "K. Koulibaly": 0.8674999999999821, "P. Pogba": -0.4199999999999909, "K. Navas": -0.24749999999999817, "R. Lukaku": 0.024999999999991654, "C. Immobile": 0.2599999999999906, "Jordi Alba": 0.3124999999999815}